feature,mean_importance
feature_3,0.0
feature_7,0.0
feature_8,0.0
feature_9,0.0
feature_10,0.0
feature_11,0.0
feature_12,0.0
feature_13,0.0
feature_5,2.9215691613793115e-06
feature_6,0.06789283491530429
feature_14,0.6183763071080438
feature_1,2.134632971202455
feature_4,5.438456215992029
