feature,shap_importance
feature_12,0.3465209626332621
feature_6,0.19968916505664877
feature_10,0.17354773665606593
feature_5,0.11369297706844449
feature_1,0.0
feature_7,0.0
feature_8,0.0
feature_9,0.0
feature_11,0.0
