feature,mean_importance
feature_1,0.0
feature_5,0.0
feature_7,0.0
feature_8,0.0
feature_10,0.0
feature_11,0.0
feature_6,0.024830243253909055
feature_9,0.04528292280042816
feature_12,1.9336709142417607
