feature,shap_importance
feature_12,0.6007554998805456
feature_9,0.12430652687727747
feature_6,0.06171194244462213
feature_1,0.0
feature_5,0.0
feature_7,0.0
feature_8,0.0
feature_10,0.0
feature_11,0.0
