feature,mean_importance
feature_3,0.0
feature_4,0.0
feature_6,0.0
feature_7,0.0
feature_8,0.0
feature_9,0.0
feature_10,0.0
feature_12,0.0
feature_14,0.02866659647794062
feature_11,0.12496338164035828
feature_5,0.1785220590491473
feature_1,0.25721267782338547
feature_13,0.9684395614049806
