feature,mean_importance
feature_3,0.0
feature_8,0.0
feature_9,0.0
feature_10,0.0
feature_11,0.0
feature_12,0.0
feature_13,0.0
feature_5,0.045356589594889626
feature_6,0.10226316559837871
feature_14,0.2288154119631741
feature_1,0.2548815225527793
feature_4,0.33979409516212883
feature_7,0.783091132433604
