feature,shap_importance
feature_7,0.5494937000254299
feature_1,0.13193724347447347
feature_14,0.11606212779465416
feature_4,0.10193247516180867
feature_5,0.056373308026919734
feature_6,0.041691841528727756
feature_3,0.0
feature_8,0.0
feature_9,0.0
feature_10,0.0
feature_11,0.0
feature_12,0.0
feature_13,0.0
