feature,mean_importance
feature_14,-9.313850058045859e-06
feature_3,0.0
feature_6,0.0
feature_8,0.0
feature_9,0.0
feature_10,0.0
feature_11,0.0
feature_12,0.0
feature_13,0.0
feature_5,6.131836505746113e-05
feature_4,0.13290773908410436
feature_7,0.4903921461808565
feature_1,0.705971289265544
