feature,mean_importance
feature_3,0.0
feature_4,0.0
feature_8,0.0
feature_9,0.0
feature_10,0.0
feature_11,0.0
feature_12,0.0
feature_13,0.0
feature_7,0.06851968889785931
feature_5,0.13661443716708152
feature_14,0.14819916985876533
feature_6,0.3681228928580844
feature_1,0.6102426190024882
