feature,shap_importance
feature_1,0.17731031894287969
feature_7,0.16554831254910962
feature_5,0.15864468906485676
feature_14,0.10129065652425755
feature_6,0.06396950291942367
feature_3,0.0
feature_4,0.0
feature_8,0.0
feature_9,0.0
feature_10,0.0
feature_11,0.0
feature_12,0.0
feature_13,0.0
