feature,shap_importance
feature_4,0.49826293665219973
feature_7,0.25491751396593365
feature_5,0.25060929768792534
feature_1,0.24409457315600291
feature_6,0.02227809680905634
feature_3,0.0
feature_8,0.0
feature_9,0.0
feature_10,0.0
feature_11,0.0
feature_12,0.0
feature_13,0.0
feature_14,0.0
