feature,shap_importance
feature_4,0.39749531467916677
feature_14,0.14135063263437192
feature_6,0.1278680878460821
feature_9,0.02091023841172848
feature_12,0.010032268866825384
feature_5,0.00510427919203952
feature_1,0.0
feature_3,0.0
feature_7,0.0
feature_8,0.0
feature_10,0.0
feature_11,0.0
feature_13,0.0
