feature,shap_importance
feature_7,0.3976751628481943
feature_1,0.17262652907022852
feature_4,0.11378071978254505
feature_5,0.00098073262126373
feature_14,0.00020307351190293048
feature_3,0.0
feature_6,0.0
feature_8,0.0
feature_9,0.0
feature_10,0.0
feature_11,0.0
feature_12,0.0
feature_13,0.0
