feature,shap_importance
feature_5,0.6922847690939623
feature_12,0.18140831625802176
feature_6,0.14118377687229602
feature_9,0.11948196223395202
feature_1,0.0
feature_7,0.0
feature_8,0.0
feature_10,0.0
feature_11,0.0
