feature,shap_importance
feature_5,0.3916945265993956
feature_6,0.13985754923272248
feature_4,0.1034898467346413
feature_1,0.039651745452888035
feature_14,0.02590660542576979
feature_12,0.0044996701201036335
feature_10,0.002813917743664738
feature_7,0.002709831087423746
feature_13,0.002018134983834488
feature_8,0.0014442309873822538
feature_3,0.0
feature_9,0.0
feature_11,0.0
