feature,shap_importance
feature_5,0.4762898515004223
feature_6,0.031382802294256884
feature_1,0.029261262010734108
feature_12,0.02176649941105937
feature_3,0.0
feature_4,0.0
feature_7,0.0
feature_8,0.0
feature_9,0.0
feature_10,0.0
feature_11,0.0
feature_13,0.0
feature_14,0.0
