feature,mean_importance
feature_3,0.0
feature_4,0.0
feature_8,0.0
feature_9,0.0
feature_11,0.0
feature_12,0.0
feature_13,0.0
feature_14,0.0
feature_5,0.000294694500296111
feature_10,0.11139629381250596
feature_6,0.2695992347809816
feature_7,0.3713340601590184
feature_1,0.8046886810298348
