feature,shap_importance
feature_4,0.5053538675468908
feature_14,0.1627716865776113
feature_6,0.1449787209947497
feature_1,0.13047300505963247
feature_5,0.014791723578385497
feature_3,0.0
feature_7,0.0
feature_8,0.0
feature_9,0.0
feature_10,0.0
feature_11,0.0
feature_12,0.0
feature_13,0.0
