feature,mean_importance
feature_3,0.0
feature_6,0.0
feature_8,0.0
feature_9,0.0
feature_10,0.0
feature_11,0.0
feature_12,0.0
feature_13,0.07236552585284413
feature_14,0.08774651465751897
feature_1,0.18661150808145538
feature_7,0.2419775557194884
feature_4,0.3392479052137932
feature_5,0.5706931790288597
