feature,mean_importance
feature_1,0.0
feature_7,0.0
feature_8,0.0
feature_10,0.0
feature_11,0.0
feature_6,0.10575513857277707
feature_9,0.15966423126955673
feature_12,0.6495642540217895
feature_5,1.7931833791476088
