feature,shap_importance
feature_1,0.17282417776488268
feature_14,0.11534241859887827
feature_5,0.10353848289839918
feature_7,0.0967713073752592
feature_4,0.09495118758486637
feature_6,0.055174064076921124
feature_10,0.047099742357844566
feature_13,0.030066720722718158
feature_3,0.001563881067763399
feature_8,0.0
feature_9,0.0
feature_11,0.0
feature_12,0.0
