feature,shap_importance
feature_1,0.35628466888916666
feature_5,0.14181288862737396
feature_6,0.07515960087139402
feature_4,0.0739442936428481
feature_11,0.0004309174655290773
feature_3,0.0
feature_7,0.0
feature_8,0.0
feature_9,0.0
feature_10,0.0
feature_12,0.0
feature_13,0.0
feature_14,0.0
