feature,mean_importance
feature_3,0.0
feature_7,0.0
feature_8,0.0
feature_9,0.0
feature_10,0.0
feature_12,0.0
feature_13,0.0
feature_14,0.0
feature_11,3.451550091526645e-05
feature_4,0.026027647315345605
feature_5,0.09030948782143898
feature_6,0.39811615668420786
feature_1,1.1917576786648592
