feature,mean_importance
feature_3,0.0
feature_8,0.0
feature_10,0.0
feature_11,0.0
feature_12,0.0
feature_13,0.00013366239117184597
feature_7,0.00038383364328641034
feature_1,0.0004935145567343702
feature_9,0.0006306897505066495
feature_5,0.05007554166292224
feature_6,0.12589626628233722
feature_4,0.21024486439899528
feature_14,0.6349795084222152
