feature,shap_importance
feature_4,0.5474603397884845
feature_6,0.29131585617711914
feature_1,0.2760689055612716
feature_5,0.03911914468253728
feature_3,0.0
feature_7,0.0
feature_8,0.0
feature_9,0.0
feature_10,0.0
feature_11,0.0
feature_12,0.0
feature_13,0.0
feature_14,0.0
