feature,mean_importance
feature_3,0.0
feature_7,0.0
feature_8,0.0
feature_9,0.0
feature_10,0.0
feature_11,0.0
feature_12,0.0
feature_13,0.0
feature_14,0.0
feature_5,0.10020187714675624
feature_6,0.34116708950936997
feature_1,3.3197142482904085
feature_4,8.84670567477426
