feature,mean_importance
feature_3,0.0
feature_4,0.0
feature_5,0.0
feature_8,0.0
feature_9,0.0
feature_10,0.0
feature_11,0.0
feature_12,0.0
feature_13,6.845103633545957e-06
feature_14,0.03314652626108043
feature_7,0.061093540803072985
feature_6,0.19728562947920675
feature_1,0.6598681640895954
