feature,shap_importance
feature_1,0.2719766832300747
feature_7,0.11454943665529693
feature_14,0.05793744656976816
feature_6,0.05305749713454298
feature_13,0.000201446027810214
feature_3,0.0
feature_4,0.0
feature_5,0.0
feature_8,0.0
feature_9,0.0
feature_10,0.0
feature_11,0.0
feature_12,0.0
