feature,shap_importance
feature_5,0.2886165378629133
feature_6,0.27232550949104606
feature_4,0.1639464689702738
feature_7,0.017008863915093014
feature_1,0.013897546898731362
feature_14,0.008287153929659796
feature_12,0.005605151449038234
feature_13,0.004933073902107232
feature_9,0.0020287369544756545
feature_3,0.0
feature_8,0.0
feature_10,0.0
feature_11,0.0
