feature,mean_importance
feature_3,0.0
feature_8,0.0
feature_9,0.0
feature_10,0.0
feature_11,0.0
feature_12,0.0
feature_13,0.0
feature_14,0.0
feature_6,0.06347054315309439
feature_7,0.16663100155370014
feature_5,0.3807633565533291
feature_1,4.72357188354034
feature_4,8.080078071351753
