feature,shap_importance
feature_5,0.5779904605667769
feature_12,0.2770511171381896
feature_9,0.17099570829243063
feature_1,0.0
feature_6,0.0
feature_7,0.0
feature_8,0.0
feature_10,0.0
feature_11,0.0
