feature,shap_importance
feature_13,0.590808553756257
feature_11,0.10834755351549635
feature_1,0.1075808686995452
feature_5,0.07433031160680165
feature_14,0.03777033122158069
feature_3,0.0
feature_4,0.0
feature_6,0.0
feature_7,0.0
feature_8,0.0
feature_9,0.0
feature_10,0.0
feature_12,0.0
