feature,mean_importance
feature_6,-0.00015790716427135644
feature_3,0.0
feature_4,0.0
feature_5,0.0
feature_8,0.0
feature_9,0.0
feature_10,0.0
feature_11,0.0
feature_12,0.0
feature_13,0.0
feature_14,0.002603032971204322
feature_7,0.1350476921352322
feature_1,0.3660472387438019
