feature,shap_importance
feature_7,0.19710997404130667
feature_1,0.1358996524351737
feature_14,0.0024477387515220907
feature_6,0.0013467826287404023
feature_3,0.0
feature_4,0.0
feature_5,0.0
feature_8,0.0
feature_9,0.0
feature_10,0.0
feature_11,0.0
feature_12,0.0
feature_13,0.0
