feature,shap_importance
feature_5,0.4110457677379572
feature_6,0.23298869307565942
feature_12,0.021298579463027715
feature_1,0.0021470930685366296
feature_3,0.0
feature_4,0.0
feature_7,0.0
feature_8,0.0
feature_9,0.0
feature_10,0.0
feature_11,0.0
feature_13,0.0
feature_14,0.0
