feature,shap_importance
feature_1,0.3253441920536231
feature_7,0.15314065775722346
feature_5,0.10224935792478458
feature_14,0.09041443865973918
feature_4,0.08564457840222729
feature_6,0.06045419445490023
feature_13,0.032506127203184326
feature_10,0.014141985802194368
feature_3,0.0
feature_8,0.0
feature_9,0.0
feature_11,0.0
feature_12,0.0
