feature,shap_importance
feature_5,0.30934590627943237
feature_13,0.16286852946313043
feature_12,0.030898463179813655
feature_6,0.02991643483520877
feature_1,0.0
feature_3,0.0
feature_4,0.0
feature_7,0.0
feature_8,0.0
feature_9,0.0
feature_10,0.0
feature_11,0.0
feature_14,0.0
