feature,mean_importance
feature_5,-0.009748934723070313
feature_1,0.0
feature_3,0.0
feature_7,0.0
feature_8,0.0
feature_9,0.0
feature_10,0.0
feature_11,0.0
feature_12,0.0
feature_13,0.0
feature_6,0.04681425428518613
feature_14,0.07978605036245918
feature_4,0.7877378985307815
