feature,mean_importance
feature_3,0.0
feature_7,0.0
feature_8,0.0
feature_9,0.0
feature_10,0.0
feature_11,0.0
feature_12,0.0
feature_13,0.0
feature_14,0.03646843237047499
feature_6,0.057275776611549124
feature_5,0.20738923757870292
feature_1,1.2199122761224248
feature_4,4.022046239288867
