feature,shap_importance
feature_4,0.4979026939978721
feature_5,0.15979589402952285
feature_6,0.1446218338331985
feature_1,0.11726947288518821
feature_14,0.029808941445544846
feature_3,0.0
feature_7,0.0
feature_8,0.0
feature_9,0.0
feature_10,0.0
feature_11,0.0
feature_12,0.0
feature_13,0.0
