feature,shap_importance
feature_7,0.3677562893752767
feature_1,0.20149494741665414
feature_10,0.19770046406575156
feature_6,0.06330638648341042
feature_5,0.0010096244855619671
feature_3,0.0
feature_4,0.0
feature_8,0.0
feature_9,0.0
feature_11,0.0
feature_12,0.0
feature_13,0.0
feature_14,0.0
