feature,mean_importance
feature_4,0.0
feature_6,0.0
feature_8,0.0
feature_9,0.0
feature_10,0.0
feature_13,0.0
feature_5,0.00014426590611346933
feature_1,0.01598752016409442
feature_11,0.03170250072586013
feature_7,0.2304596624045061
feature_12,1.2413750650160305
