feature,shap_importance
feature_12,0.6469592414422453
feature_7,0.14740730195964388
feature_1,0.12999196077560105
feature_11,0.021054731790032172
feature_5,0.0034696902490770325
feature_4,0.0
feature_6,0.0
feature_8,0.0
feature_9,0.0
feature_10,0.0
feature_13,0.0
