feature,mean_importance
feature_1,0.0
feature_6,0.0
feature_7,0.0
feature_8,0.0
feature_9,0.0
feature_10,0.0
feature_11,0.0
feature_13,0.05834555934210114
feature_4,0.20112555151787945
feature_5,0.3167992653617002
feature_12,0.8620748149071737
