feature,shap_importance
feature_12,0.5257078039066228
feature_5,0.2581071348523106
feature_4,0.1788076373527618
feature_13,0.077493081332884
feature_1,0.0
feature_6,0.0
feature_7,0.0
feature_8,0.0
feature_9,0.0
feature_10,0.0
feature_11,0.0
