feature,mean_importance
feature_1,0.0
feature_4,0.0
feature_6,0.0
feature_7,0.0
feature_8,0.0
feature_9,0.0
feature_10,0.0
feature_13,0.023409259226042707
feature_5,0.02424279840186691
feature_11,0.3913063143703147
feature_12,1.0813320891432112
