feature,shap_importance
feature_12,0.6591540182995886
feature_11,0.2559036568417325
feature_13,0.07256028472988776
feature_5,0.02696668821216395
feature_1,0.0
feature_4,0.0
feature_6,0.0
feature_7,0.0
feature_8,0.0
feature_9,0.0
feature_10,0.0
