feature,mean_importance
feature_7,-0.001029512523613961
feature_1,-0.0006617211975744733
feature_13,-0.0001581179798768248
feature_3,0.0
feature_8,0.0
feature_9,0.0
feature_10,0.0
feature_11,0.0
feature_12,0.0
feature_6,0.06323877541349082
feature_5,0.23874384057179085
feature_14,0.4985305150614973
feature_4,1.5624933206114615
