feature,mean_importance
feature_3,0.0
feature_5,0.0
feature_7,0.0
feature_8,0.0
feature_9,0.0
feature_11,0.0
feature_12,0.0
feature_13,0.0
feature_14,0.031292837112158814
feature_10,0.1346570691865117
feature_4,0.1427948316501242
feature_6,0.2681067644622894
feature_1,0.5414519220392194
