feature,mean_importance
feature_4,0.0
feature_6,0.0
feature_7,0.0
feature_10,2.0589544703048314e-05
feature_9,0.0001466081712189371
feature_5,0.0005395237923340724
feature_8,0.0012014184639668516
feature_13,0.0053564396068640305
feature_11,0.059197065694309936
feature_12,1.1871274895284312
feature_1,1.2519623501450747
