feature,mean_importance
feature_1,0.0
feature_3,0.0
feature_7,0.0
feature_8,0.0
feature_10,0.0
feature_11,0.0
feature_12,0.0
feature_13,0.0
feature_5,0.0005493519399388316
feature_9,0.024503002900833903
feature_6,0.061504718856627325
feature_14,0.3652648984200067
feature_4,1.1156362704508234
